check,source,ok,observed,expected,tolerance,scope
display_file_integrity_summary_labyrinth,display/display_labyrinth_pattern_summary.json,True,"{""missing"": [], ""size_bytes"": 5546}",all required sections present,exact,pattern display
display_pattern_checks_labyrinth,display/display_labyrinth_pattern_summary.json,True,"{""no_nan"": true, ""pattern_checks_passed"": true, ""persistence_passed"": true, ""spectral_selection_passed"": true}",all pattern checks true,exact,pattern verification
display_pattern_verification_labyrinth_no_nan,display/display_labyrinth_pattern_summary.json,True,True,True,exact,pattern verification
display_pattern_verification_labyrinth_spectral_selection_passed,display/display_labyrinth_pattern_summary.json,True,True,True,exact,pattern verification
display_pattern_verification_labyrinth_persistence_passed,display/display_labyrinth_pattern_summary.json,True,True,True,exact,pattern verification
display_pattern_verification_labyrinth_pattern_checks_passed,display/display_labyrinth_pattern_summary.json,True,True,True,exact,pattern verification
display_scope_labyrinth,display/display_labyrinth_pattern_summary.json,True,"{""case"": ""labyrinth"", ""claim_level"": ""numerical_reference_demonstration"", ""reference_configuration_exact"": true, ""theorem_level_claimed"": false}",reference and exploratory scope rules,exact,result scope
display_file_integrity_png_labyrinth,display/display_labyrinth_pattern.png,True,"{""height"": 1496, ""mode"": ""RGBA"", ""size_bytes"": 318137, ""width"": 2589}",readable PNG at least 800 x 600,exact,pattern display
display_file_integrity_movie_labyrinth,display/display_labyrinth_pattern.mp4,True,"{""checks"": {""fps"": true, ""frame_count"": true, ""hash"": true, ""layout"": true, ""nonempty"": true, ""size"": true, ""square_full_frame"": true}, ""metadata"": {""duration"": 7.63, ""fps"": 8.0, ""height"": 1024, ""n_frames"": 61, ""width"": 1024}}",readable pattern-only MP4 matching summary metadata,exact; fps ±0.2,pattern display
display_file_integrity_summary_spot,display/display_spot_pattern_summary.json,True,"{""missing"": [], ""size_bytes"": 5649}",all required sections present,exact,pattern display
display_pattern_checks_spot,display/display_spot_pattern_summary.json,True,"{""no_nan"": true, ""pattern_checks_passed"": true, ""persistence_passed"": true, ""spectral_selection_passed"": true}",all pattern checks true,exact,pattern verification
display_pattern_verification_spot_no_nan,display/display_spot_pattern_summary.json,True,True,True,exact,pattern verification
display_pattern_verification_spot_spectral_selection_passed,display/display_spot_pattern_summary.json,True,True,True,exact,pattern verification
display_pattern_verification_spot_persistence_passed,display/display_spot_pattern_summary.json,True,True,True,exact,pattern verification
display_pattern_verification_spot_pattern_checks_passed,display/display_spot_pattern_summary.json,True,True,True,exact,pattern verification
display_scope_spot,display/display_spot_pattern_summary.json,True,"{""case"": ""spot"", ""claim_level"": ""numerical_reference_demonstration"", ""reference_configuration_exact"": true, ""theorem_level_claimed"": false}",reference and exploratory scope rules,exact,result scope
display_file_integrity_png_spot,display/display_spot_pattern.png,True,"{""height"": 1496, ""mode"": ""RGBA"", ""size_bytes"": 311634, ""width"": 2589}",readable PNG at least 800 x 600,exact,pattern display
display_file_integrity_movie_spot,display/display_spot_pattern.mp4,True,"{""checks"": {""fps"": true, ""frame_count"": true, ""hash"": true, ""layout"": true, ""nonempty"": true, ""size"": true, ""square_full_frame"": true}, ""metadata"": {""duration"": 7.63, ""fps"": 8.0, ""height"": 1024, ""n_frames"": 61, ""width"": 1024}}",readable pattern-only MP4 matching summary metadata,exact; fps ±0.2,pattern display
display_file_integrity_summary_stripe,display/display_stripe_pattern_summary.json,True,"{""missing"": [], ""size_bytes"": 5514}",all required sections present,exact,pattern display
display_pattern_checks_stripe,display/display_stripe_pattern_summary.json,True,"{""no_nan"": true, ""pattern_checks_passed"": true, ""persistence_passed"": true, ""spectral_selection_passed"": true}",all pattern checks true,exact,pattern verification
display_pattern_verification_stripe_no_nan,display/display_stripe_pattern_summary.json,True,True,True,exact,pattern verification
display_pattern_verification_stripe_spectral_selection_passed,display/display_stripe_pattern_summary.json,True,True,True,exact,pattern verification
display_pattern_verification_stripe_persistence_passed,display/display_stripe_pattern_summary.json,True,True,True,exact,pattern verification
display_pattern_verification_stripe_pattern_checks_passed,display/display_stripe_pattern_summary.json,True,True,True,exact,pattern verification
display_scope_stripe,display/display_stripe_pattern_summary.json,True,"{""case"": ""stripe"", ""claim_level"": ""theorem_level_reference"", ""reference_configuration_exact"": true, ""theorem_level_claimed"": true}",reference and exploratory scope rules,exact,result scope
display_file_integrity_png_stripe,display/display_stripe_pattern.png,True,"{""height"": 1496, ""mode"": ""RGBA"", ""size_bytes"": 246770, ""width"": 2589}",readable PNG at least 800 x 600,exact,pattern display
display_file_integrity_movie_stripe,display/display_stripe_pattern.mp4,True,"{""checks"": {""fps"": true, ""frame_count"": true, ""hash"": true, ""layout"": true, ""nonempty"": true, ""size"": true, ""square_full_frame"": true}, ""metadata"": {""duration"": 7.63, ""fps"": 8.0, ""height"": 1024, ""n_frames"": 61, ""width"": 1024}}",readable pattern-only MP4 matching summary metadata,exact; fps ±0.2,pattern display
display_exhibit_movie_spot,display/display_spot_pattern.mp4,True,"{""checks"": {""dimensions"": true, ""exists"": true, ""fps"": true, ""hash"": true, ""layout"": true, ""n_frames"": true, ""schema"": true, ""size"": true, ""square_full_frame"": true}, ""manifest"": {""axis_label_font_size"": ""24"", ""axis_label_scale_reference"": ""x/L"", ""case"": ""spot"", ""field_vmax"": ""0.24"", ""field_vmin"": ""-0.24"", ""filename"": ""display_spot_pattern.mp4"", ""font_family"": ""Times"", ""fps"": ""8.0"", ""height"": ""1024"", ""layout"": ""single_pattern_panel"", ""n_frames"": ""61"", ""pattern_grid_L"": ""128"", ""physical_final_time"": ""50.0"", ""sha256"": ""ac56cb764783c575cd11dc8b0b8389f90318bd6527e3d51bd0ff37eac722cd71"", ""size_bytes"": ""2482648"", ""width"": ""1024""}, ""metadata"": {""duration"": 7.63, ""fps"": 8.0, ""height"": 1024, ""n_frames"": 61, ""width"": 1024}}",single-panel square exhibit movie with matching integrity record,exact; fps ±0.2,exhibit
display_exhibit_movie_labyrinth,display/display_labyrinth_pattern.mp4,True,"{""checks"": {""dimensions"": true, ""exists"": true, ""fps"": true, ""hash"": true, ""layout"": true, ""n_frames"": true, ""schema"": true, ""size"": true, ""square_full_frame"": true}, ""manifest"": {""axis_label_font_size"": ""24"", ""axis_label_scale_reference"": ""x/L"", ""case"": ""labyrinth"", ""field_vmax"": ""0.24"", ""field_vmin"": ""-0.24"", ""filename"": ""display_labyrinth_pattern.mp4"", ""font_family"": ""Times"", ""fps"": ""8.0"", ""height"": ""1024"", ""layout"": ""single_pattern_panel"", ""n_frames"": ""61"", ""pattern_grid_L"": ""128"", ""physical_final_time"": ""80.0"", ""sha256"": ""4638646ecd6b349ca46a9c71d34ced45d35f376ff6131f8713758ef99e1a0149"", ""size_bytes"": ""3424552"", ""width"": ""1024""}, ""metadata"": {""duration"": 7.63, ""fps"": 8.0, ""height"": 1024, ""n_frames"": 61, ""width"": 1024}}",single-panel square exhibit movie with matching integrity record,exact; fps ±0.2,exhibit
display_exhibit_movie_stripe,display/display_stripe_pattern.mp4,True,"{""checks"": {""dimensions"": true, ""exists"": true, ""fps"": true, ""hash"": true, ""layout"": true, ""n_frames"": true, ""schema"": true, ""size"": true, ""square_full_frame"": true}, ""manifest"": {""axis_label_font_size"": ""24"", ""axis_label_scale_reference"": ""x/L"", ""case"": ""stripe"", ""field_vmax"": ""0.24"", ""field_vmin"": ""-0.24"", ""filename"": ""display_stripe_pattern.mp4"", ""font_family"": ""Times"", ""fps"": ""8.0"", ""height"": ""1024"", ""layout"": ""single_pattern_panel"", ""n_frames"": ""61"", ""pattern_grid_L"": ""192"", ""physical_final_time"": ""160.0"", ""sha256"": ""d5ec0c5aef89c21913d3648fede6addd6d123f31f988128b7b3abf6697631020"", ""size_bytes"": ""1060427"", ""width"": ""1024""}, ""metadata"": {""duration"": 7.63, ""fps"": 8.0, ""height"": 1024, ""n_frames"": 61, ""width"": 1024}}",single-panel square exhibit movie with matching integrity record,exact; fps ±0.2,exhibit
display_exhibit_manifest,display/display_exhibit_manifest.csv,True,"{""cases"": [""labyrinth"", ""spot"", ""stripe""], ""records"": 3}",one record for each reference case,exact,exhibit
