L,mode_index,k,k_over_pi,nu_physical,nu_pt,logarithmic_negativity,symplectic_transform_error,spectral_abscissa,relative_lyapunov_residual,min_full_symplectic_eigenvalue,cp_margin
12,1,0.5235987755982988,0.16666666666666666,1.5700448636747681,0.2537366774277551,0.9785960200318714,4.440892098500626e-16,-8.507196979031861e-06,7.357789166042026e-11,0.8230990729151275,-8.544980777703129e-15
12,2,1.0471975511965976,0.3333333333333333,1.1776979602924014,0.26270020682121437,0.9285107585961645,3.5760213113510304e-16,-8.507196979031861e-06,7.357789166042026e-11,0.8230990729151275,-8.544980777703129e-15
12,3,1.5707963267948966,0.5,0.9417476765547169,0.2736623100570423,0.8695313406302722,3.572918131907428e-16,-8.507196979031861e-06,7.357789166042026e-11,0.8230990729151275,-8.544980777703129e-15
12,4,2.0943951023931953,0.6666666666666666,0.8632628324715399,0.27554476678129747,0.8596413675005212,6.815832433733607e-16,-8.507196979031861e-06,7.357789166042026e-11,0.8230990729151275,-8.544980777703129e-15
12,5,2.6179938779914944,0.8333333333333334,0.845185462070299,0.2784925260593053,0.8442894845998367,5.412337245047637e-16,-8.507196979031861e-06,7.357789166042026e-11,0.8230990729151275,-8.544980777703129e-15
48,1,0.1308996938995747,0.041666666666666664,1.694544607065537,0.2595161097865912,0.9461039964281481,2.220446049250313e-16,-8.507196972724257e-06,7.773804855089354e-11,0.8230990729153383,-1.867468706479997e-14
48,2,0.2617993877991494,0.08333333333333333,2.157099865153003,0.2576226848233636,0.9566684601256848,2.220446049250313e-16,-8.507196972724257e-06,7.773804855089354e-11,0.8230990729153383,-1.867468706479997e-14
48,3,0.39269908169872414,0.125,3.7246723172440968,0.2561877327741424,0.9647266991829138,1.942890293094024e-16,-8.507196972724257e-06,7.773804855089354e-11,0.8230990729153383,-1.867468706479997e-14
48,4,0.5235987755982988,0.16666666666666666,1.5700448635835698,0.2537366774042764,0.9785960201653663,4.718447854656915e-16,-8.507196972724257e-06,7.773804855089354e-11,0.8230990729153383,-1.867468706479997e-14
48,5,0.6544984694978736,0.20833333333333334,3.1213266546591516,0.25655407253733736,0.9626651678464881,2.220446049250313e-16,-8.507196972724257e-06,7.773804855089354e-11,0.8230990729153383,-1.867468706479997e-14
48,6,0.7853981633974483,0.25,1.7896830137778688,0.25786463470121085,0.955314169141889,4.440892098500626e-16,-8.507196972724257e-06,7.773804855089354e-11,0.8230990729153383,-1.867468706479997e-14
48,7,0.916297857297023,0.29166666666666663,1.4031165544584867,0.260131085897469,0.9426892819564889,3.8827379789215597e-16,-8.507196972724257e-06,7.773804855089354e-11,0.8230990729153383,-1.867468706479997e-14
48,8,1.0471975511965976,0.3333333333333333,1.1776979602916753,0.2627002068212309,0.9285107585960737,6.042911691218662e-16,-8.507196972724257e-06,7.773804855089354e-11,0.8230990729153383,-1.867468706479997e-14
48,9,1.1780972450961724,0.375,1.108128380978449,0.26524082046840347,0.914625272093685,3.191891195797325e-16,-8.507196972724257e-06,7.773804855089354e-11,0.8230990729153383,-1.867468706479997e-14
48,10,1.3089969389957472,0.4166666666666667,1.0414715010369633,0.26756300343797224,0.9020494499338612,1.9197989802158518e-16,-8.507196972724257e-06,7.773804855089354e-11,0.8230990729153383,-1.867468706479997e-14
48,11,1.4398966328953218,0.4583333333333333,1.017131077911667,0.2697988815546407,0.890043727249506,1.5147828726040407e-16,-8.507196972724257e-06,7.773804855089354e-11,0.8230990729153383,-1.867468706479997e-14
48,12,1.5707963267948966,0.5,0.9417476765589462,0.2736623100575444,0.8695313406276253,3.0884200158435134e-16,-8.507196972724257e-06,7.773804855089354e-11,0.8230990729153383,-1.867468706479997e-14
48,13,1.7016960206944713,0.5416666666666667,0.9287092912661017,0.27265037353376054,0.8748759629220713,6.566388964287515e-16,-8.507196972724257e-06,7.773804855089354e-11,0.8230990729153383,-1.867468706479997e-14
48,14,1.832595714594046,0.5833333333333333,0.8949702622277986,0.27371864972549836,0.869234359308137,1.249000902703301e-16,-8.507196972724257e-06,7.773804855089354e-11,0.8230990729153383,-1.867468706479997e-14
48,15,1.9634954084936205,0.6249999999999999,0.8771173901019865,0.2747083975731116,0.864027081991221,2.0816681711721685e-16,-8.507196972724257e-06,7.773804855089354e-11,0.8230990729153383,-1.867468706479997e-14
48,16,2.0943951023931953,0.6666666666666666,0.8632628324704856,0.2755447667813283,0.8596413675003599,1.1967076365675574e-15,-8.507196972724257e-06,7.773804855089354e-11,0.8230990729153383,-1.867468706479997e-14
48,17,2.2252947962927703,0.7083333333333334,0.8542334830261638,0.2762397611613284,0.8560071029462836,3.8434112475749296e-16,-8.507196972724257e-06,7.773804855089354e-11,0.8230990729153383,-1.867468706479997e-14
48,18,2.356194490192345,0.75,0.8465407972147743,0.276809863316901,0.8530327447419925,4.440892098500626e-16,-8.507196972724257e-06,7.773804855089354e-11,0.8230990729153383,-1.867468706479997e-14
48,19,2.4870941840919194,0.7916666666666666,0.8406374914837996,0.27727005048169934,0.8506363038075463,8.121578634997543e-16,-8.507196972724257e-06,7.773804855089354e-11,0.8230990729153383,-1.867468706479997e-14
48,20,2.6179938779914944,0.8333333333333334,0.8451854620678706,0.27849252605944347,0.8442894845991209,7.771561172376096e-16,-8.507196972724257e-06,7.773804855089354e-11,0.8230990729153383,-1.867468706479997e-14
48,21,2.748893571891069,0.875,0.8326647903888537,0.27790218960942453,0.8473508932160574,1.6653345369377348e-16,-8.507196972724257e-06,7.773804855089354e-11,0.8230990729153383,-1.867468706479997e-14
48,22,2.8797932657906435,0.9166666666666666,0.8303329105099903,0.2780913321040043,0.8463693172126642,1.124100812432971e-15,-8.507196972724257e-06,7.773804855089354e-11,0.8230990729153383,-1.867468706479997e-14
48,23,3.010692959690218,0.9583333333333333,0.8289842534476718,0.2782030963402174,0.8457896180344653,4.093947403305265e-15,-8.507196972724257e-06,7.773804855089354e-11,0.8230990729153383,-1.867468706479997e-14
96,1,0.06544984694978735,0.020833333333333332,1.6045109136534208,0.26015550458221604,0.9425538615322073,1.3877787807814457e-16,-8.507196986169247e-06,5.734016487447021e-11,0.8230990729156984,-2.074749944241553e-14
96,2,0.1308996938995747,0.041666666666666664,1.6945446070578136,0.2595161097841883,0.946103996441506,2.220446049250313e-16,-8.507196986169247e-06,5.734016487447021e-11,0.8230990729156984,-2.074749944241553e-14
96,3,0.19634954084936207,0.0625,1.8646697740922267,0.2586074370259332,0.951164330156233,1.6653345369377348e-16,-8.507196986169247e-06,5.734016487447021e-11,0.8230990729156984,-2.074749944241553e-14
96,4,0.2617993877991494,0.08333333333333333,2.1570998651541693,0.2576226848233337,0.956668460125852,2.220446049250313e-16,-8.507196986169247e-06,5.734016487447021e-11,0.8230990729156984,-2.074749944241553e-14
96,5,0.3272492347489368,0.10416666666666667,2.6737110008610308,0.25676238276907887,0.9614942404324512,4.440892098500626e-16,-8.507196986169247e-06,5.734016487447021e-11,0.8230990729156984,-2.074749944241553e-14
96,6,0.39269908169872414,0.125,3.7246723172345235,0.2561877327727295,0.9647266991908705,4.440892098500626e-16,-8.507196986169247e-06,5.734016487447021e-11,0.8230990729156984,-2.074749944241553e-14
96,7,0.4581489286485115,0.14583333333333331,6.889393163499685,0.2559732854160066,0.9659348432907481,1.0943474893931771e-16,-8.507196986169247e-06,5.734016487447021e-11,0.8230990729156984,-2.074749944241553e-14
96,8,0.5235987755982988,0.16666666666666666,1.5700448636839708,0.25373667741884204,0.9785960200825491,5.551115123125783e-16,-8.507196986169247e-06,5.734016487447021e-11,0.8230990729156984,-2.074749944241553e-14
96,9,0.5890486225480862,0.1875,6.155204886237162,0.25626860404263313,0.9642713527637622,1.1102230246251565e-16,-8.507196986169247e-06,5.734016487447021e-11,0.8230990729156984,-2.074749944241553e-14
96,10,0.6544984694978736,0.20833333333333334,3.1213266546609266,0.25655407253732615,0.9626651678465512,8.785821071505201e-17,-8.507196986169247e-06,5.734016487447021e-11,0.8230990729156984,-2.074749944241553e-14
96,11,0.7199483164476609,0.22916666666666666,2.2057656229855627,0.2570582362440089,0.9598328575587917,1.249000902703301e-16,-8.507196986169247e-06,5.734016487447021e-11,0.8230990729156984,-2.074749944241553e-14
96,12,0.7853981633974483,0.25,1.7896830137782107,0.25786463470101,0.9553141691430127,1.6653345369377348e-16,-8.507196986169247e-06,5.734016487447021e-11,0.8230990729156984,-2.074749944241553e-14
96,13,0.8508480103472357,0.27083333333333337,1.5548954771696186,0.25892037699891346,0.9494195852752593,2.4676496458822297e-16,-8.507196986169247e-06,5.734016487447021e-11,0.8230990729156984,-2.074749944241553e-14
96,14,0.916297857297023,0.29166666666666663,1.4031165544576771,0.2601310858974304,0.9426892819567032,2.498001805406602e-16,-8.507196986169247e-06,5.734016487447021e-11,0.8230990729156984,-2.074749944241553e-14
96,15,0.9817477042468102,0.31249999999999994,1.2962611185371793,0.2614160982693155,0.9355801083898716,4.994658011926834e-16,-8.507196986169247e-06,5.734016487447021e-11,0.8230990729156984,-2.074749944241553e-14
96,16,1.0471975511965976,0.3333333333333333,1.1776979602944262,0.26270020682233425,0.9285107585900143,2.405061256327585e-16,-8.507196986169247e-06,5.734016487447021e-11,0.8230990729156984,-2.074749944241553e-14
96,17,1.1126473981463851,0.3541666666666667,1.1559135407349153,0.26400065381032156,0.9213865923955252,3.0635215033202233e-16,-8.507196986169247e-06,5.734016487447021e-11,0.8230990729156984,-2.074749944241553e-14
96,18,1.1780972450961724,0.375,1.1081283809780422,0.26524082046824426,0.914625272094551,3.608224830031759e-16,-8.507196986169247e-06,5.734016487447021e-11,0.8230990729156984,-2.074749944241553e-14
96,19,1.2435470920459597,0.3958333333333333,1.070485645408132,0.26642817884198283,0.9081814174119395,4.298292154195365e-16,-8.507196986169247e-06,5.734016487447021e-11,0.8230990729156984,-2.074749944241553e-14
96,20,1.3089969389957472,0.4166666666666667,1.0414715010368782,0.2675630034380731,0.9020494499333173,2.220446049250313e-16,-8.507196986169247e-06,5.734016487447021e-11,0.8230990729156984,-2.074749944241553e-14
96,21,1.3744467859455345,0.4375,1.0215396779264407,0.26866272268744046,0.8961319355191787,4.440892098500626e-16,-8.507196986169247e-06,5.734016487447021e-11,0.8230990729156984,-2.074749944241553e-14
96,22,1.4398966328953218,0.4583333333333333,1.017131077913107,0.26979888155477516,0.8900437272487871,2.0828211498669802e-16,-8.507196986169247e-06,5.734016487447021e-11,0.8230990729156984,-2.074749944241553e-14
96,23,1.505346479845109,0.47916666666666663,1.0814331105396404,0.27138956985136886,0.881562819277457,2.4400778763573452e-15,-8.507196986169247e-06,5.734016487447021e-11,0.8230990729156984,-2.074749944241553e-14
96,24,1.5707963267948966,0.5,0.9417476765590491,0.2736623100579306,0.869531340625589,4.198643040468666e-16,-8.507196986169247e-06,5.734016487447021e-11,0.8230990729156984,-2.074749944241553e-14
96,25,1.636246173744684,0.5208333333333334,1.0022127224779247,0.27253253314851966,0.8754996352344907,1.131425730914658e-15,-8.507196986169247e-06,5.734016487447021e-11,0.8230990729156984,-2.074749944241553e-14
96,26,1.7016960206944713,0.5416666666666667,0.9287092912670833,0.2726503735339102,0.8748759629212793,6.631063783943504e-16,-8.507196986169247e-06,5.734016487447021e-11,0.8230990729156984,-2.074749944241553e-14
96,27,1.7671458676442586,0.5625,0.9077009272893097,0.27317503569870977,0.8721024469815005,1.304512053934559e-15,-8.507196986169247e-06,5.734016487447021e-11,0.8230990729156984,-2.074749944241553e-14
96,28,1.832595714594046,0.5833333333333333,0.8949702622280309,0.2737186497257104,0.8692343593070192,4.440892098500626e-16,-8.507196986169247e-06,5.734016487447021e-11,0.8230990729156984,-2.074749944241553e-14
96,29,1.8980455615438334,0.6041666666666667,0.8852132742554022,0.27423264148668985,0.8665277917927007,8.005689719171709e-16,-8.507196986169247e-06,5.734016487447021e-11,0.8230990729156984,-2.074749944241553e-14
96,30,1.9634954084936205,0.6249999999999999,0.8771173901012705,0.2747083975727593,0.8640270819930713,9.298117831235686e-16,-8.507196986169247e-06,5.734016487447021e-11,0.8230990729156984,-2.074749944241553e-14
96,31,2.028945255443408,0.6458333333333333,0.8701837750395515,0.2751452924162471,0.861734449723032,8.98553095862678e-16,-8.507196986169247e-06,5.734016487447021e-11,0.8230990729156984,-2.074749944241553e-14
96,32,2.0943951023931953,0.6666666666666666,0.8632628324707252,0.27554476678140966,0.8596413674999339,4.899079139449057e-16,-8.507196986169247e-06,5.734016487447021e-11,0.8230990729156984,-2.074749944241553e-14
96,33,2.159844949342983,0.6875000000000001,0.8588771189338393,0.27590889388621553,0.857736132365333,1.471548410110605e-16,-8.507196986169247e-06,5.734016487447021e-11,0.8230990729156984,-2.074749944241553e-14
96,34,2.2252947962927703,0.7083333333333334,0.8542334830265219,0.2762397611613552,0.8560071029461438,7.91033905045424e-16,-8.507196986169247e-06,5.734016487447021e-11,0.8230990729156984,-2.074749944241553e-14
96,35,2.2907446432425576,0.7291666666666667,0.850142675911205,0.2765394420510864,0.8544428321728983,1.817990202823694e-15,-8.507196986169247e-06,5.734016487447021e-11,0.8230990729156984,-2.074749944241553e-14
96,36,2.356194490192345,0.75,0.8465407972155925,0.27680986331678215,0.8530327447426119,4.718447854656915e-16,-8.507196986169247e-06,5.734016487447021e-11,0.8230990729156984,-2.074749944241553e-14
96,37,2.421644337142132,0.7708333333333333,0.8433801931029735,0.27705281548024185,0.8517670667422865,8.821879762366405e-16,-8.507196986169247e-06,5.734016487447021e-11,0.8230990729156984,-2.074749944241553e-14
96,38,2.4870941840919194,0.7916666666666666,0.8406374914846985,0.27727005048179637,0.8506363038070414,3.0173641379554597e-16,-8.507196986169247e-06,5.734016487447021e-11,0.8230990729156984,-2.074749944241553e-14
96,39,2.5525440310417067,0.8124999999999999,0.8384264568124347,0.2774643382292912,0.8496257373558487,2.1649348980190553e-15,-8.507196986169247e-06,5.734016487447021e-11,0.8230990729156984,-2.074749944241553e-14
96,40,2.6179938779914944,0.8333333333333334,0.8451854620714608,0.2784925260592604,0.8442894846000693,7.91033905045424e-16,-8.507196986169247e-06,5.734016487447021e-11,0.8230990729156984,-2.074749944241553e-14
96,41,2.6834437249412812,0.8541666666666665,0.8343564470183069,0.2777783527862753,0.8479939201351729,9.020562075079397e-16,-8.507196986169247e-06,5.734016487447021e-11,0.8230990729156984,-2.074749944241553e-14
96,42,2.748893571891069,0.875,0.8326647903890503,0.2779021896093361,0.8473508932165165,3.885780586188048e-16,-8.507196986169247e-06,5.734016487447021e-11,0.8230990729156984,-2.074749944241553e-14
96,43,2.8143434188408563,0.8958333333333333,0.8313659916439368,0.2780066373714623,0.8468087673753315,5.134781488891349e-16,-8.507196986169247e-06,5.734016487447021e-11,0.8230990729156984,-2.074749944241553e-14
96,44,2.8797932657906435,0.9166666666666666,0.8303329105100787,0.27809133210387194,0.8463693172133507,4.996003610813204e-16,-8.507196986169247e-06,5.734016487447021e-11,0.8230990729156984,-2.074749944241553e-14
96,45,2.9452431127404313,0.9375000000000001,0.8295425519964925,0.27815669123671893,0.846030283928512,1.190818934757997e-15,-8.507196986169247e-06,5.734016487447021e-11,0.8230990729156984,-2.074749944241553e-14
96,46,3.010692959690218,0.9583333333333333,0.8289842534471068,0.27820309633982404,0.8457896180365051,3.566591466608315e-15,-8.507196986169247e-06,5.734016487447021e-11,0.8230990729156984,-2.074749944241553e-14
96,47,3.076142806640006,0.9791666666666667,0.8286516452976973,0.2782308270699885,0.845645820236844,1.6828594720523189e-15,-8.507196986169247e-06,5.734016487447021e-11,0.8230990729156984,-2.074749944241553e-14
