state,lambda,L,mode_index,k,k_over_pi,ell,kappa_k,g_k,R_k,eta_k,nu_physical,nu_pt,logarithmic_negativity
homogeneous_differential,-0.2,96,1,0.06544984694978735,0.020833333333333332,0.004282153522793042,2.0319624290257474,2.0116990609900807,4.334198631064713,0.9282911247175115,1.3446128202490895,0.25929694618765015,0.9473228796173909
homogeneous_differential,-0.2,96,2,0.1308996938995747,0.041666666666666664,0.017110277252379236,2.1277128480749385,2.04674614678509,4.37990507025143,0.9346075378147845,1.4057552741677433,0.25845035244966,0.9520409251936721
homogeneous_differential,-0.2,96,3,0.19634954084936207,0.0625,0.03842943919353914,2.2868412391533335,2.1049911803831276,4.459377682327813,0.9440739629321165,1.5163749078384414,0.2571918607694758,0.9590831077942684
homogeneous_differential,-0.2,96,4,0.2617993877991494,0.08333333333333333,0.06814834742186338,2.508666190060499,2.186184747608386,4.577096515664016,0.9552714215777153,1.6907287211263233,0.2557189730705256,0.9673688895706609
homogeneous_differential,-0.2,96,5,0.3272492347489368,0.10416666666666667,0.10613974100978862,2.792237812301466,2.2899791651409442,4.738459502939441,0.9665500628296542,1.949484774781289,0.2542523627802049,0.9756669137035237
homogeneous_differential,-0.2,96,6,0.39269908169872414,0.125,0.15224093497742652,3.136341808655091,2.415929969350119,4.949044998913316,0.9763216822156984,2.3113502661945535,0.2529952509752556,0.9828177908324087
homogeneous_differential,-0.2,96,7,0.4581489286485115,0.14583333333333331,0.20625451693462327,3.5395046729811788,2.563497819555966,5.213875697655883,0.9833367606782395,2.7503759240521606,0.2521004046882162,0.9879296607797077
homogeneous_differential,-0.2,96,8,0.5235987755982988,0.16666666666666666,0.2679491924311226,3.999999999999999,2.7320508075688767,5.53682277669703,0.9868659040586706,3.0951780270159173,0.25165261479329076,0.9904945066702101
homogeneous_differential,-0.2,96,9,0.5890486225480862,0.1875,0.33706077539490953,4.515855878024729,2.9208671636174546,5.920250059891179,0.9867377675162401,3.0802886252974915,0.25166884536809553,0.9904014616814977
homogeneous_differential,-0.2,96,10,0.6544984694978736,0.20833333333333334,0.41329331941752967,5.084863332990027,3.129138347077484,6.364922747036092,0.9832447215591446,2.742875063090874,0.25211210425253056,0.9878627092339979
homogeneous_differential,-0.2,96,11,0.7199483164476609,0.22916666666666666,0.49632038504204523,5.704585787618122,3.3559725087670156,6.870131401133873,0.9769747659304253,2.343513255851702,0.2529116752609053,0.9832944566516567
homogeneous_differential,-0.2,96,12,0.7853981633974483,0.25,0.5857864376269049,6.3723694952167715,3.600398309981481,7.433942389077297,0.968637668021628,2.0122546293423387,0.2539827455920176,0.9771976045606408
homogeneous_differential,-0.2,96,13,0.8508480103472357,0.27083333333333337,0.6813083697998623,7.085354903430023,3.861369081915149,8.053487478608934,0.9589309208393075,1.7627996716865115,0.25524126179282225,0.9700665237312106
homogeneous_differential,-0.2,96,14,0.916297857297023,0.29166666666666663,0.7824771419825587,7.84048889928039,4.1377673076576365,8.725231953380383,0.9484601279979856,1.577802264212666,0.25661289795739506,0.9623344094499166
homogeneous_differential,-0.2,96,15,0.9817477042468102,0.31249999999999994,0.8888595339607952,8.634537883067363,4.428409407572886,9.44519194694721,0.9377065987534953,1.43914639165597,0.25803700122693723,0.9543501390872596
homogeneous_differential,-0.2,96,16,1.0471975511965976,0.3333333333333333,0.9999999999999998,9.464101615137753,4.732050807568877,10.209095250912494,0.9270264781094923,1.333347987754904,0.25946711458294264,0.9463763949729256
homogeneous_differential,-0.2,96,17,1.1126473981463851,0.3541666666666667,1.1154226195619974,10.32562777623389,5.047391268554947,11.012492698471307,0.9166664454189555,1.2510848957542404,0.2608695953305048,0.9385992888003816
homogeneous_differential,-0.2,96,18,1.1780972450961724,0.375,1.2346331352698203,11.215427179070055,5.3730804542652075,11.850831754335823,0.9067853743344854,1.185979189166634,0.26222143652350605,0.9311424646213217
homogeneous_differential,-0.2,96,19,1.2435470920459597,0.3958333333333333,1.3571210693936766,12.129689565998818,5.707723713605732,12.719503741422132,0.8974758496305246,1.1336233592859535,0.2635079651197456,0.924081523669726
homogeneous_differential,-0.2,96,20,1.3089969389957472,0.4166666666666667,1.4823619097949585,13.064499925119236,6.0498880527646595,13.613873980391897,0.8887827317159438,1.0909199670619336,0.26472075988631794,0.9174567568329121
homogeneous_differential,-0.2,96,21,1.3744467859455345,0.4375,1.6098193559677434,14.015855254958852,6.398108271511683,14.529301600163329,0.880717937803667,1.0556515788290148,0.265855921267975,0.9112834957270545
homogeneous_differential,-0.2,96,22,1.4398966328953218,0.4583333333333333,1.7389476155598966,14.979681705940571,6.750893237410389,15.461153594471586,0.8732716088952499,1.026201554462217,0.2669127090944766,0.9055600935998834
homogeneous_differential,-0.2,96,23,1.505346479845109,0.47916666666666663,1.8691937415397135,15.951852025231958,7.1067322710762655,16.404816045766804,0.8664202330888225,1.0013708543302526,0.26789250948728066,0.9002738521790096
homogeneous_differential,-0.2,96,24,1.5707963267948966,0.5,1.9999999999999998,16.928203230275507,7.4641016151377535,17.355704280324122,0.8601323800613131,0.9802559466093208,0.2687980733841745,0.8954052972805785
homogeneous_differential,-0.2,96,25,1.636246173744684,0.5208333333333334,2.1308062584602863,17.904554435319056,7.821470959199242,18.309272950826156,0.8543726427811346,0.962166018246038,0.26963296829601324,0.8909311877991702
homogeneous_differential,-0.2,96,26,1.7016960206944713,0.5416666666666667,2.261052384440103,18.876724754610446,8.17730999286512,19.261026554207174,0.84910427487874,0.9465658561043924,0.27040119196781853,0.8868265836434838
homogeneous_differential,-0.2,96,27,1.7671458676442586,0.5625,2.3901806440322564,19.840551205592163,8.530094958763826,20.20653059291168,0.8442909008591636,0.9330357759875849,0.271106906056455,0.8830662306733833
homogeneous_differential,-0.2,96,28,1.832595714594046,0.5833333333333333,2.5176380902050415,20.79190653543178,8.87831517751085,21.141423410893644,0.839897579737803,0.9212430652498756,0.27175425714253787,0.8796254590448206
homogeneous_differential,-0.2,96,29,1.8980455615438334,0.6041666666666667,2.642878930606323,21.726716894552197,9.220479516669776,22.061428636345628,0.8358914255878495,0.9109213291526188,0.27234726031791384,0.8764807404523121
homogeneous_differential,-0.2,96,30,1.9634954084936205,0.6249999999999999,2.7653668647301792,22.64097928148096,9.5551227760103,22.962368111434,0.8322419298950593,0.9018553478219017,0.27288972697433966,0.873610009993665
homogeneous_differential,-0.2,96,31,2.028945255443408,0.6458333333333333,2.884577380438002,23.530778684317124,9.88081196172056,23.840175166111177,0.8289210874395034,0.8938698319822952,0.2733852233613873,0.8709928283858457
homogeneous_differential,-0.2,96,32,2.0943951023931953,0.6666666666666666,2.9999999999999996,24.39230484541326,10.19615242270663,24.690908086421654,0.8259033962638119,0.8868209753279082,0.2738370502092864,0.8686104381491297
homogeneous_differential,-0.2,96,33,2.159844949342983,0.6875000000000001,3.1111404660392044,25.22186857748365,10.499793822702621,25.51076363028767,0.8231657801287245,0.8805900390408624,0.2742482364739741,0.866445751336131
homogeneous_differential,-0.2,96,34,2.2252947962927703,0.7083333333333334,3.2175228580174413,26.015917561270626,10.790435922617872,26.29609045115605,0.8206874662726522,0.875078430984967,0.27462154228128455,0.8644832948816791
homogeneous_differential,-0.2,96,35,2.2907446432425576,0.7291666666666667,3.3186916302001377,26.771051557120995,11.06683414836036,27.043402299536602,0.8184498404292861,0.8702038969080977,0.2749594676100407,0.8627091314784573
homogeneous_differential,-0.2,96,36,2.356194490192345,0.75,3.414213562373095,27.484036965334244,11.327804920294026,27.749390882907868,0.8164362935455527,0.8658975479752135,0.2752642643051555,0.8611107681219026
homogeneous_differential,-0.2,96,37,2.421644337142132,0.7708333333333333,3.5036796149579548,28.151820672932896,11.572230721508493,28.410938274923673,0.814632069488707,0.8621015238413063,0.2755379497623894,0.8596770604340052
homogeneous_differential,-0.2,96,38,2.4870941840919194,0.7916666666666666,3.58670668058247,28.77154312756099,11.799064883198024,29.025128774936604,0.8130241195268424,0.8587671435284133,0.27578232115879875,0.8583981180717576
homogeneous_differential,-0.2,96,39,2.5525440310417067,0.8124999999999999,3.66293922460509,29.340550582526284,12.007336066658052,29.58926012840359,0.811600967009774,0.855853434393817,0.2759989694779747,0.8572652145933056
homogeneous_differential,-0.2,96,40,2.6179938779914944,0.8333333333333334,3.7320508075688776,29.85640646055102,12.196152422706632,30.10085402772127,0.8103525841143664,0.8533259570302874,0.27618929284131827,0.8562707038364817
homogeneous_differential,-0.2,96,41,2.6834437249412812,0.8541666666666665,3.7937454830653765,30.316901787569837,12.364705410719543,30.557665821487515,0.8092702815033038,0.8511558641232818,0.27635450883798035,0.8554079439776648
homogeneous_differential,-0.2,96,42,2.748893571891069,0.875,3.8477590650225735,30.720064651895928,12.51227326092539,30.957693368163216,0.8083466111072066,0.8493191462352866,0.27649566566990286,0.8546712298543175
homogeneous_differential,-0.2,96,43,2.8143434188408563,0.8958333333333333,3.893860258990211,31.06416864824955,12.638224065134564,31.29918497768658,0.8075752818576233,0.8477960286763164,0.27661365201130433,0.8540557337606051
homogeneous_differential,-0.2,96,44,2.8797932657906435,0.9166666666666666,3.9318516525781364,31.347740270490515,12.742018482667122,31.58064639184391,0.8069510879902638,0.8465704920951528,0.2767092055358911,0.8535574546978449
homogeneous_differential,-0.2,96,45,2.9452431127404313,0.9375000000000001,3.961570560806461,31.569565221397685,12.823212049892382,31.80084676118913,0.8064698494470455,0.8456298959313335,0.2767829200985825,0.8531731759349157
homogeneous_differential,-0.2,96,46,3.010692959690218,0.9583333333333333,3.982889722747621,31.728693612476082,12.88145708349042,31.95882358308784,0.806128363893038,0.8449646889393444,0.2768352515777283,0.85290043067642
homogeneous_differential,-0.2,96,47,3.076142806640006,0.9791666666666667,3.995717846477207,31.82444403152527,12.916504169285428,32.05388657208725,0.8059243699035992,0.8445681950269663,0.27686652239301146,0.8527374756262385
homogeneous_scalar_transport_same_lambda,-0.2,96,1,0.06544984694978735,0.020833333333333332,0.004282153522793042,2.0319624290257474,2.0,4.334198631064713,0.9228926360990023,1.2985077864712615,0.2600249179872864,0.9432782126561449
homogeneous_scalar_transport_same_lambda,-0.2,96,2,0.1308996938995747,0.041666666666666664,0.017110277252379236,2.1277128480749385,2.0,4.37990507025143,0.9132618026742708,1.2273759460341724,0.26133381187097476,0.9360342994953944
homogeneous_scalar_transport_same_lambda,-0.2,96,3,0.19634954084936207,0.0625,0.03842943919353914,2.2868412391533335,2.0,4.459377682327813,0.8969861458139567,1.1310716228604227,0.26357598926241,0.9237091424085946
homogeneous_scalar_transport_same_lambda,-0.2,96,4,0.2617993877991494,0.08333333333333333,0.06814834742186338,2.508666190060499,2.0,4.577096515664016,0.873916463485303,1.0286454277954724,0.26682085874310985,0.9060566411498745
homogeneous_scalar_transport_same_lambda,-0.2,96,5,0.3272492347489368,0.10416666666666667,0.10613974100978862,2.792237812301466,2.0,4.738459502939441,0.8441562067837981,0.9326665408858507,0.27112670725003185,0.8829608624959457
homogeneous_scalar_transport_same_lambda,-0.2,96,6,0.39269908169872414,0.125,0.15224093497742652,3.136341808655091,2.0,4.949044998913316,0.8082367408011643,0.8491015986395832,0.27651246582815703,0.8545835728972987
homogeneous_scalar_transport_same_lambda,-0.2,96,7,0.4581489286485115,0.14583333333333331,0.20625451693462327,3.5395046729811788,2.0,5.213875697655883,0.7671836138706506,0.7795112629149815,0.28293607753913774,0.8214519465439688
homogeneous_scalar_transport_same_lambda,-0.2,96,8,0.5235987755982988,0.16666666666666666,0.2679491924311226,3.999999999999999,2.0,5.53682277669703,0.7224359820283401,0.7231308285819599,0.29028655068573295,0.7844503631173357
homogeneous_scalar_transport_same_lambda,-0.2,96,9,0.5890486225480862,0.1875,0.33706077539490953,4.515855878024729,2.0,5.920250059891179,0.6756471364443556,0.6782188431829205,0.29839217883365143,0.7447183733216265
homogeneous_scalar_transport_same_lambda,-0.2,96,10,0.6544984694978736,0.20833333333333334,0.41329331941752967,5.084863332990027,2.0,6.364922747036092,0.6284443910749195,0.6427937230150887,0.30704149477892523,0.7034944547106429
homogeneous_scalar_transport_same_lambda,-0.2,96,11,0.7199483164476609,0.22916666666666666,0.49632038504204523,5.704585787618122,2.0,6.870131401133873,0.5822304940688361,0.614988168856884,0.3160095838591815,0.6619597821291393
homogeneous_scalar_transport_same_lambda,-0.2,96,12,0.7853981633974483,0.25,0.5857864376269049,6.3723694952167715,2.0,7.433942389077297,0.5380725045538699,0.5931911912595056,0.3250822042001388,0.6211235133743879
homogeneous_scalar_transport_same_lambda,-0.2,96,13,0.8508480103472357,0.27083333333333337,0.6813083697998623,7.085354903430023,2.0,8.053487478608934,0.4966792350052692,0.5760805515164767,0.33407291843548537,0.5817650593033784
homogeneous_scalar_transport_same_lambda,-0.2,96,14,0.916297857297023,0.29166666666666663,0.7824771419825587,7.84048889928039,2.0,8.725231953380383,0.4584405344605532,0.5626036763766114,0.34283194150589047,0.5444265638927057
homogeneous_scalar_transport_same_lambda,-0.2,96,15,0.9817477042468102,0.31249999999999994,0.8888595339607952,8.634537883067363,2.0,9.44519194694721,0.42349589319810954,0.551938504327193,0.3512479399407824,0.5094383308945319
homogeneous_scalar_transport_same_lambda,-0.2,96,16,1.0471975511965976,0.3333333333333333,0.9999999999999998,9.464101615137753,2.0,10.209095250912494,0.3918074914270663,0.5434503668438875,0.35924508459667326,0.47695967787494625
homogeneous_scalar_transport_same_lambda,-0.2,96,17,1.1126473981463851,0.3541666666666667,1.1154226195619974,10.32562777623389,2.0,11.012492698471307,0.3632238503599878,0.5366523335725659,0.3667776204678084,0.4470224816498891
homogeneous_scalar_transport_same_lambda,-0.2,96,18,1.1780972450961724,0.375,1.2346331352698203,11.215427179070055,2.0,11.850831754335823,0.3375290513711439,0.5311717551274431,0.3738236560076463,0.41957022744941547
homogeneous_scalar_transport_same_lambda,-0.2,96,19,1.2435470920459597,0.3958333333333333,1.3571210693936766,12.129689565998818,2.0,12.719503741422132,0.3144776778494639,0.526723380072486,0.38037922471077584,0.39448964265636205
homogeneous_scalar_transport_same_lambda,-0.2,96,20,1.3089969389957472,0.4166666666666667,1.4823619097949585,13.064499925119236,2.0,13.613873980391897,0.29381791000572005,0.5230883835208752,0.3864531447070395,0.37163458887841017
homogeneous_scalar_transport_same_lambda,-0.2,96,21,1.3744467859455345,0.4375,1.6098193559677434,14.015855254958852,2.0,14.529301600163329,0.2753057311409266,0.5200983012217695,0.3920628503352565,0.3508431482030362
homogeneous_scalar_transport_same_lambda,-0.2,96,22,1.4398966328953218,0.4583333333333333,1.7389476155598966,14.979681705940571,2.0,15.461153594471586,0.2587129075174748,0.5176228533312962,0.397231169247431,0.3319492646836478
homogeneous_scalar_transport_same_lambda,-0.2,96,23,1.505346479845109,0.47916666666666663,1.8691937415397135,15.951852025231958,2.0,16.404816045766804,0.24383083533766195,0.515560769269998,0.40198392401508953,0.3147902880290767
homogeneous_scalar_transport_same_lambda,-0.2,96,24,1.5707963267948966,0.5,1.9999999999999998,16.928203230275507,2.0,17.355704280324122,0.2304717766212884,0.5138328899661276,0.40634820684220274,0.29921156702364465
homogeneous_scalar_transport_same_lambda,-0.2,96,25,1.636246173744684,0.5208333333333334,2.1308062584602863,17.904554435319056,2.0,18.309272950826156,0.21846853289821708,0.5123769815703911,0.41035117978033725,0.28506899376302985
homogeneous_scalar_transport_same_lambda,-0.2,96,26,1.7016960206944713,0.5416666666666667,2.261052384440103,18.876724754610446,2.0,19.261026554207174,0.2076732508904767,0.5111438287772658,0.41401927187782417,0.27223017065200206
homogeneous_scalar_transport_same_lambda,-0.2,96,27,1.7671458676442586,0.5625,2.3901806440322564,19.840551205592163,2.0,20.20653059291168,0.19795580352636954,0.5100942830012454,0.4173776682980892,0.26057468341091317
homogeneous_scalar_transport_same_lambda,-0.2,96,28,1.832595714594046,0.5833333333333333,2.5176380902050415,20.79190653543178,2.0,21.141423410893644,0.18920201928971825,0.5091970232794227,0.4204500092411868,0.24999381808640647
homogeneous_scalar_transport_same_lambda,-0.2,96,29,1.8980455615438334,0.6041666666666667,2.642878930606323,21.726716894552197,2.0,22.061428636345628,0.18131192072530172,0.5084268501670121,0.4232582362268977,0.24038995293752607
homogeneous_scalar_transport_same_lambda,-0.2,96,30,1.9634954084936205,0.6249999999999999,2.7653668647301792,22.64097928148096,2.0,22.962368111434,0.17419806095731996,0.5077633794155073,0.4258225393357843,0.23167577936828715
homogeneous_scalar_transport_same_lambda,-0.2,96,31,2.028945255443408,0.6458333333333333,2.884577380438002,23.530778684317124,2.0,23.840175166111177,0.16778400209433034,0.5071900366597436,0.4281613715407033,0.2237734523645732
homogeneous_scalar_transport_same_lambda,-0.2,96,32,2.0943951023931953,0.6666666666666666,2.9999999999999996,24.39230484541326,2.0,24.690908086421654,0.16200295209878215,0.5066932797379023,0.43029150579773645,0.2166137339514463
homogeneous_scalar_transport_same_lambda,-0.2,96,33,2.159844949342983,0.6875000000000001,3.1111404660392044,25.22186857748365,2.0,25.51076363028767,0.15679656077605603,0.5062619939796509,0.43222811767746505,0.21013516819117026
homogeneous_scalar_transport_same_lambda,-0.2,96,34,2.2252947962927703,0.7083333333333334,3.2175228580174413,26.015917561270626,2.0,26.29609045115605,0.15211386679057262,0.5058870195923972,0.43398488154026216,0.2042833096065456
homogeneous_scalar_transport_same_lambda,-0.2,96,35,2.2907446432425576,0.7291666666666667,3.3186916302001377,26.771051557120995,2.0,27.043402299536602,0.14791038330515616,0.5055607804662886,0.43557407204590287,0.19901001604854734
homogeneous_scalar_transport_same_lambda,-0.2,96,36,2.356194490192345,0.75,3.414213562373095,27.484036965334244,2.0,27.749390882907868,0.144147308201413,0.5052769912689898,0.43700666550183515,0.1942728100971743
homogeneous_scalar_transport_same_lambda,-0.2,96,37,2.421644337142132,0.7708333333333333,3.5036796149579548,28.151820672932896,2.0,28.410938274923673,0.14079084475469497,0.5050304253159814,0.4382924374778931,0.19003430880888483
homogeneous_scalar_transport_same_lambda,-0.2,96,38,2.4870941840919194,0.7916666666666666,3.58670668058247,28.77154312756099,2.0,29.025128774936604,0.1378116194080085,0.5048167298949171,0.4394400544618667,0.18626171911834552
homogeneous_scalar_transport_same_lambda,-0.2,96,39,2.5525440310417067,0.8124999999999999,3.66293922460509,29.340550582526284,2.0,29.58926012840359,0.1351841844859204,0.5046322788681568,0.44045715825967924,0.1829263948611063
homogeneous_scalar_transport_same_lambda,-0.2,96,40,2.6179938779914944,0.8333333333333334,3.7320508075688776,29.85640646055102,2.0,30.10085402772127,0.13288659505528364,0.5044740547494593,0.4413504424735475,0.1800034507966317
homogeneous_scalar_transport_same_lambda,-0.2,96,41,2.6834437249412812,0.8541666666666665,3.7937454830653765,30.316901787569837,2.0,30.557665821487515,0.13090005052634887,0.5043395542491991,0.442125720807323,0.17747142890167686
homogeneous_scalar_transport_same_lambda,-0.2,96,42,2.748893571891069,0.875,3.8477590650225735,30.720064651895928,2.0,30.957693368163216,0.12920859291518103,0.504226712654334,0.44278798721252455,0.17531201238850944
homogeneous_scalar_transport_same_lambda,-0.2,96,43,2.8143434188408563,0.8958333333333333,3.893860258990211,31.06416864824955,2.0,31.29918497768658,0.12779885491752035,0.5041338434631244,0.4433414680462383,0.17350978326018585
homogeneous_scalar_transport_same_lambda,-0.2,96,44,2.8797932657906435,0.9166666666666666,3.9318516525781364,31.347740270490515,2.0,31.58064639184391,0.12665985206157937,0.5040595905106214,0.44378966649525353,0.1720520196679328
homogeneous_scalar_transport_same_lambda,-0.2,96,45,2.9452431127404313,0.9375000000000001,3.961570560806461,31.569565221397685,2.0,31.80084676118913,0.1257828142136687,0.5040028904591651,0.4441353995523884,0.17092852983465848
homogeneous_scalar_transport_same_lambda,-0.2,96,46,3.010692959690218,0.9583333333333333,3.982889722747621,31.728693612476082,2.0,31.95882358308784,0.1251610526151139,0.5039629440336553,0.4443808278271751,0.17013151982398436
homogeneous_scalar_transport_same_lambda,-0.2,96,47,3.076142806640006,0.9791666666666667,3.995717846477207,31.82444403152527,2.0,32.05388657208725,0.12478985944510168,0.5039391947884795,0.44452747844532275,0.16965549294928534
